,,,,TC,PC,TT,SC,LG
bcd_equalizer_256,/scratch/carina_pddft/carina_ce/DFT/final/bcd_equalizer_256/Rev2.1/20190821_sajain_finalDB_20190313_gi/atpg/log/log.atpg_dcsa_edt.ext,dcsa_edt.ext,23:23.7,78.61,55,148.1,6250,282
bcd_equalizer_256,/scratch/carina_pddft/carina_ce/DFT/final/bcd_equalizer_256/Rev2.1/20190821_sajain_finalDB_20190313_gi/atpg/log/log.atpg_dcsa_edt.int,dcsa_edt.int,23:23.7,99.28,1634,431.3,106283,302
bcd_equalizer_256,/scratch/carina_pddft/carina_ce/DFT/final/bcd_equalizer_256/Rev2.1/20190821_sajain_finalDB_20190313_gi/atpg/log/log.atpg_tdf_loc_edt.int,tdf_loc_edt.int,23:23.7,70.28,8312,3129.9,106283,302
bcd_equalizer_256,/scratch/carina_pddft/carina_ce/DFT/final/bcd_equalizer_256/Rev2.1/20190821_sajain_finalDB_20190313_gi/atpg/log/log.atpg_tdf_los_edt.int,tdf_los_edt.int,23:23.7,76.34,12509,6530,106283,302
bcd_equalizer_2k,/scratch/carina_pddft/carina_ce/DFT/final/bcd_equalizer_2k/Rev2.2/20190823_sajain_finalDB_20190319_ps/atpg/log/log.atpg_dcsa_edt.ext,dcsa_edt.ext,23:23.7,15.69,60,503.3,6267,281
bcd_equalizer_2k,/scratch/carina_pddft/carina_ce/DFT/final/bcd_equalizer_2k/Rev2.2/20190823_sajain_finalDB_20190319_ps/atpg/log/log.atpg_dcsa_edt.int,dcsa_edt.int,23:23.7,98.68,5031,1887.9,415901,300
bcd_equalizer_2k,/scratch/carina_pddft/carina_ce/DFT/final/bcd_equalizer_2k/Rev2.2/20190823_sajain_finalDB_20190319_ps/atpg/log/log.atpg_tdf_loc_edt.int,tdf_loc_edt.int,23:23.7,69.54,13716,17474.8,415901,300
bcd_equalizer_2k,/scratch/carina_pddft/carina_ce/DFT/final/bcd_equalizer_2k/Rev2.2/20190823_sajain_finalDB_20190319_ps/atpg/log/log.atpg_tdf_los_edt.int,tdf_los_edt.int,23:23.7,80.11,13761,9495.5,415901,300
bch_dec_top,/scratch/carina_pddft/carina_ce/DFT/final/bch_dec_top/Rev2.0/20191020_20191016az_Rev2.0_sajain_0/atpg/log/log.atpg_dcsa_edt.ext,dcsa_edt.ext,23:23.8,6.24,30,663.9,11052,297
bch_dec_top,/scratch/carina_pddft/carina_ce/DFT/final/bch_dec_top/Rev2.0/20191020_20191016az_Rev2.0_sajain_0/atpg/log/log.atpg_dcsa_edt.int,dcsa_edt.int,23:23.8,98.05,6848,4380.7,329317,300
bch_dec_top,/scratch/carina_pddft/carina_ce/DFT/final/bch_dec_top/Rev2.0/20191020_20191016az_Rev2.0_sajain_0/atpg/log/log.atpg_tdf_loc_edt.int,tdf_loc_edt.int,23:23.8,69.07,16677,15463.2,329317,300
bch_dec_top,/scratch/carina_pddft/carina_ce/DFT/final/bch_dec_top/Rev2.0/20191020_20191016az_Rev2.0_sajain_0/atpg/log/log.atpg_tdf_los_edt.int,tdf_los_edt.int,23:23.8,80.21,2048,3246.3,329317,300
carrier_recovery,/scratch/carina_pddft/carina_ce/DFT/final/carrier_recovery/Rev2.0/20191205_sajain_carrier_rec_Rev2.0_20191204az_0/atpg/log/log.atpg_dcsa_edt.ext,dcsa_edt.ext,23:23.7,7.77,24,507.2,15670,297
carrier_recovery,/scratch/carina_pddft/carina_ce/DFT/final/carrier_recovery/Rev2.0/20191205_sajain_carrier_rec_Rev2.0_20191204az_0/atpg/log/log.atpg_dcsa_edt.int,dcsa_edt.int,23:23.7,98.2,6052,28981.8,404924,304
carrier_recovery,/scratch/carina_pddft/carina_ce/DFT/final/carrier_recovery/Rev2.0/20191205_sajain_carrier_rec_Rev2.0_20191204az_0/atpg/log/log.atpg_tdf_loc_edt.int,tdf_loc_edt.int,23:23.7,71.73,2339,5531.4,404924,304
carrier_recovery,/scratch/carina_pddft/carina_ce/DFT/final/carrier_recovery/Rev2.0/20191205_sajain_carrier_rec_Rev2.0_20191204az_0/atpg/log/log.atpg_tdf_los_edt.int,tdf_los_edt.int,23:23.7,36.05,42013,54886.7,404924,304
cfec_aligners_forward,/scratch/carina_pddft/carina_ce/DFT/final/cfec_aligners_forward/Rev2.0/20191205_sajain_20191203az_0/atpg/log/log.atpg_dcsa_edt.ext,dcsa_edt.ext,23:23.8,73.51,274,1585.4,57882,300
cfec_aligners_forward,/scratch/carina_pddft/carina_ce/DFT/final/cfec_aligners_forward/Rev2.0/20191205_sajain_20191203az_0/atpg/log/log.atpg_dcsa_edt.int,dcsa_edt.int,23:23.8,99.46,4039,4333.3,384536,300
cfec_aligners_forward,/scratch/carina_pddft/carina_ce/DFT/final/cfec_aligners_forward/Rev2.0/20191205_sajain_20191203az_0/atpg/log/log.atpg_tdf_loc_edt.int,tdf_loc_edt.int,23:23.8,80.24,9426,6635.4,384536,300
cfec_aligners_forward,/scratch/carina_pddft/carina_ce/DFT/final/cfec_aligners_forward/Rev2.0/20191205_sajain_20191203az_0/atpg/log/log.atpg_tdf_los_edt.int,tdf_los_edt.int,23:23.8,82.01,3200,5534.4,384536,300
cfec_aligners_reverse,/scratch/carina_pddft/carina_ce/DFT/final/cfec_aligners_reverse/Rev2.1/20191210_sajain_20191209az_0/atpg/log/log.atpg_dcsa_edt.ext,dcsa_edt.ext,23:23.8,12.64,113,1089.6,30240,299
cfec_aligners_reverse,/scratch/carina_pddft/carina_ce/DFT/final/cfec_aligners_reverse/Rev2.1/20191210_sajain_20191209az_0/atpg/log/log.atpg_dcsa_edt.int,dcsa_edt.int,23:23.8,99.39,15680,6878.7,268919,300
cfec_aligners_reverse,/scratch/carina_pddft/carina_ce/DFT/final/cfec_aligners_reverse/Rev2.1/20191210_sajain_20191209az_0/atpg/log/log.atpg_tdf_loc_edt.int,tdf_loc_edt.int,23:23.8,51.58,38185,28975.4,268919,300
cfec_aligners_reverse,/scratch/carina_pddft/carina_ce/DFT/final/cfec_aligners_reverse/Rev2.1/20191210_sajain_20191209az_0/atpg/log/log.atpg_tdf_los_edt.int,tdf_los_edt.int,23:23.8,81.6,7168,19861.5,268919,300
crossbar_top,/scratch/carina_pddft/carina_ce/DFT/final/crossbar_top/Rev2.0/20191028_CrossbarRev2.0_20191026az_sajain_0/atpg/log/log.atpg_dcsa_edt.ext,dcsa_edt.ext,23:23.7,16.86,64,613.8,10121,277
crossbar_top,/scratch/carina_pddft/carina_ce/DFT/final/crossbar_top/Rev2.0/20191028_CrossbarRev2.0_20191026az_sajain_0/atpg/log/log.atpg_dcsa_edt.int,dcsa_edt.int,23:23.7,99.56,26954,15813.6,923581,300
crossbar_top,/scratch/carina_pddft/carina_ce/DFT/final/crossbar_top/Rev2.0/20191028_CrossbarRev2.0_20191026az_sajain_0/atpg/log/log.atpg_tdf_loc_edt.int,tdf_loc_edt.int,23:23.7,53.81,58570,41515.9,923581,300
crossbar_top,/scratch/carina_pddft/carina_ce/DFT/final/crossbar_top/Rev2.0/20191028_CrossbarRev2.0_20191026az_sajain_0/atpg/log/log.atpg_tdf_los_edt.int,tdf_los_edt.int,23:23.7,81.61,47001,67085.9,923581,300
dsp_demod,/scratch/carina_pddft/carina_ce/DFT/final/dsp_demod/Rev2.0/20191031_sajain_0/atpg/log/log.atpg_dcsa_edt.ext,dcsa_edt.ext,23:23.7,55.23,23,245.9,14887,298
dsp_demod,/scratch/carina_pddft/carina_ce/DFT/final/dsp_demod/Rev2.0/20191031_sajain_0/atpg/log/log.atpg_dcsa_edt.int,dcsa_edt.int,23:23.7,99.27,1654,608.5,159787,304
dsp_demod,/scratch/carina_pddft/carina_ce/DFT/final/dsp_demod/Rev2.0/20191031_sajain_0/atpg/log/log.atpg_tdf_loc_edt.int,tdf_loc_edt.int,23:23.7,48.29,1768,1053.7,159787,304
dsp_demod,/scratch/carina_pddft/carina_ce/DFT/final/dsp_demod/Rev2.0/20191031_sajain_0/atpg/log/log.atpg_tdf_los_edt.int,tdf_los_edt.int,23:23.7,79.11,12446,10253.6,159787,304
dsp_front_end,/scratch/carina_pddft/carina_ce/DFT/final/dsp_front_end/Rev2.0/20191203_sajain_Rev2.0eco1_20191202db_0/atpg/log/log.atpg_dcsa_edt.ext,dcsa_edt.ext,23:23.7,37.57,30,465.5,20337,299
dsp_front_end,/scratch/carina_pddft/carina_ce/DFT/final/dsp_front_end/Rev2.0/20191203_sajain_Rev2.0eco1_20191202db_0/atpg/log/log.atpg_dcsa_edt.int,dcsa_edt.int,23:23.7,98.33,2592,1245.8,397531,304
dsp_front_end,/scratch/carina_pddft/carina_ce/DFT/final/dsp_front_end/Rev2.0/20191203_sajain_Rev2.0eco1_20191202db_0/atpg/log/log.atpg_tdf_loc_edt.int,tdf_loc_edt.int,23:23.7,76.66,1331,3223,397531,304
dsp_front_end,/scratch/carina_pddft/carina_ce/DFT/final/dsp_front_end/Rev2.0/20191203_sajain_Rev2.0eco1_20191202db_0/atpg/log/log.atpg_tdf_los_edt.int,tdf_los_edt.int,23:23.7,67.88,43623,81601.2,397531,304
dsp_sync,/scratch/carina_pddft/carina_ce/DFT/final/dsp_sync/Rev2.0/20191119_sajain_20191116az_0/atpg/log/log.atpg_dcsa_edt.ext,dcsa_edt.ext,23:23.7,6.59,35,1333.9,13815,293
dsp_sync,/scratch/carina_pddft/carina_ce/DFT/final/dsp_sync/Rev2.0/20191119_sajain_20191116az_0/atpg/log/log.atpg_dcsa_edt.int,dcsa_edt.int,23:23.7,97.06,10367,10909.8,1456955,304
dsp_sync,/scratch/carina_pddft/carina_ce/DFT/final/dsp_sync/Rev2.0/20191119_sajain_20191116az_0/atpg/log/log.atpg_tdf_loc_edt.int,tdf_loc_edt.int,23:23.7,89.84,96357,389084.7,1456955,304
dsp_sync,/scratch/carina_pddft/carina_ce/DFT/final/dsp_sync/Rev2.0/20191119_sajain_20191116az_0/atpg/log/log.atpg_tdf_los_edt.int,tdf_los_edt.int,23:23.7,10.07,15555,78474.4,1456955,304
dsp_tx,/scratch/carina_pddft/carina_ce/DFT/final/dsp_tx/Rev2.0/20191021_sajain_0/atpg/log/log.atpg_dcsa_edt.ext,dcsa_edt.ext,23:23.7,9.05,42,309.2,7691,293
dsp_tx,/scratch/carina_pddft/carina_ce/DFT/final/dsp_tx/Rev2.0/20191021_sajain_0/atpg/log/log.atpg_dcsa_edt.int,dcsa_edt.int,23:23.7,99.38,20800,4855.5,241066,304
dsp_tx,/scratch/carina_pddft/carina_ce/DFT/final/dsp_tx/Rev2.0/20191021_sajain_0/atpg/log/log.atpg_tdf_loc_edt.int,tdf_loc_edt.int,23:23.7,81.6,896,892.6,241066,304
dsp_tx,/scratch/carina_pddft/carina_ce/DFT/final/dsp_tx/Rev2.0/20191021_sajain_0/atpg/log/log.atpg_tdf_los_edt.int,tdf_los_edt.int,23:23.7,41.09,31912,57162.4,241066,304
du_a,/scratch/carina_pddft/carina_ce/DFT/final/du_a/Rev2.0/20190821_sajain_finalDB_20190313_rkb/atpg/log/log.atpg_dcsa_edt.ext,dcsa_edt.ext,23:23.7,79.33,83,88,4307,281
du_a,/scratch/carina_pddft/carina_ce/DFT/final/du_a/Rev2.0/20190821_sajain_finalDB_20190313_rkb/atpg/log/log.atpg_dcsa_edt.int,dcsa_edt.int,23:23.7,93.87,3124,878.9,36834,304
du_a,/scratch/carina_pddft/carina_ce/DFT/final/du_a/Rev2.0/20190821_sajain_finalDB_20190313_rkb/atpg/log/log.atpg_tdf_loc_edt.int,tdf_loc_edt.int,23:23.7,1.35,629,843.3,36834,304
du_a,/scratch/carina_pddft/carina_ce/DFT/final/du_a/Rev2.0/20190821_sajain_finalDB_20190313_rkb/atpg/log/log.atpg_tdf_los_edt.int,tdf_los_edt.int,23:23.7,36.95,8135,5959.5,36834,304
du_ab,/scratch/carina_pddft/carina_ce/DFT/final/du_ab/Rev2.0/20191202_sajain_20191202az_0/atpg/log/log.atpg_dcsa_edt.ext,dcsa_edt.ext,23:23.7,67.49,84,124.4,5743,297
du_ab,/scratch/carina_pddft/carina_ce/DFT/final/du_ab/Rev2.0/20191202_sajain_20191202az_0/atpg/log/log.atpg_dcsa_edt.int,dcsa_edt.int,23:23.7,95.85,2273,275.8,60224,304
du_ab,/scratch/carina_pddft/carina_ce/DFT/final/du_ab/Rev2.0/20191202_sajain_20191202az_0/atpg/log/log.atpg_tdf_loc_edt.int,tdf_loc_edt.int,23:23.7,23.48,2779,2251.1,60224,304
du_ab,/scratch/carina_pddft/carina_ce/DFT/final/du_ab/Rev2.0/20191202_sajain_20191202az_0/atpg/log/log.atpg_tdf_los_edt.int,tdf_los_edt.int,23:23.7,75.3,10598,3654.1,60224,304
ffe_top,/scratch/carina_pddft/carina_ce/DFT/final/ffe_top/Rev2.3/20190901_sajain_finalDB_newrpt_20190425_mv/atpg/log/log.atpg_dcsa_edt.ext,dcsa_edt.ext,23:23.7,18.64,148,1837.5,21753,300
ffe_top,/scratch/carina_pddft/carina_ce/DFT/final/ffe_top/Rev2.3/20190901_sajain_finalDB_newrpt_20190425_mv/atpg/log/log.atpg_dcsa_edt.int,dcsa_edt.int,23:23.7,98.25,22345,16037.6,863471,304
ffe_top,/scratch/carina_pddft/carina_ce/DFT/final/ffe_top/Rev2.3/20190901_sajain_finalDB_newrpt_20190425_mv/atpg/log/log.atpg_tdf_loc_edt.int,tdf_loc_edt.int,23:23.7,71.84,7800,18877.3,863471,304
ffe_top,/scratch/carina_pddft/carina_ce/DFT/final/ffe_top/Rev2.3/20190901_sajain_finalDB_newrpt_20190425_mv/atpg/log/log.atpg_tdf_los_edt.int,tdf_los_edt.int,23:23.7,80.45,12822,29892.4,863471,304
framer,/scratch/carina_pddft/carina_ce/DFT/final/framer/Rev2.0/20191211_sajain_20191209az_0/atpg/log/log.atpg_dcsa_edt.ext,dcsa_edt.ext,23:23.7,4.34,40,1477,2796,205
framer,/scratch/carina_pddft/carina_ce/DFT/final/framer/Rev2.0/20191211_sajain_20191209az_0/atpg/log/log.atpg_dcsa_edt.int,dcsa_edt.int,23:23.7,99.62,40657,322263.1,1793300,304
framer,/scratch/carina_pddft/carina_ce/DFT/final/framer/Rev2.0/20191211_sajain_20191209az_0/atpg/log/log.atpg_tdf_loc_edt.int,tdf_loc_edt.int,23:23.7,69.66,59772,97773.7,1793300,304
framer,/scratch/carina_pddft/carina_ce/DFT/final/framer/Rev2.0/20191211_sajain_20191209az_0/atpg/log/log.atpg_tdf_los_edt.int,tdf_los_edt.int,23:23.7,80.02,19648,59305.9,1793300,304
hamming_dec_top,/scratch/carina_pddft/carina_ce/DFT/final/hamming_dec_top/Rev2.1/20191211_sajain_20191210az_1_bisrclk/atpg/log/log.atpg_dcsa_edt.ext,dcsa_edt.ext,23:23.8,8.19,109,1453.4,27457,296
hamming_dec_top,/scratch/carina_pddft/carina_ce/DFT/final/hamming_dec_top/Rev2.1/20191211_sajain_20191210az_1_bisrclk/atpg/log/log.atpg_dcsa_edt.int,dcsa_edt.int,23:23.8,98.92,28313,22531.3,467902,300
hamming_dec_top,/scratch/carina_pddft/carina_ce/DFT/final/hamming_dec_top/Rev2.1/20191211_sajain_20191210az_1_bisrclk/atpg/log/log.atpg_tdf_loc_edt.int,tdf_loc_edt.int,23:23.8,65.57,123342,515130.1,467902,300
hamming_dec_top,/scratch/carina_pddft/carina_ce/DFT/final/hamming_dec_top/Rev2.1/20191211_sajain_20191210az_1_bisrclk/atpg/log/log.atpg_tdf_los_edt.int,tdf_los_edt.int,23:23.8,54.61,88335,394792.8,467902,300
hfrx,/scratch/carina_pddft/carina_ce/DFT/final/hfrx/Rev2.0/20191210_sajain_20191202az_0/atpg/log/log.atpg_dcsa_edt.ext,dcsa_edt.ext,23:23.7,14.1,46,415.2,7135,265
hfrx,/scratch/carina_pddft/carina_ce/DFT/final/hfrx/Rev2.0/20191210_sajain_20191202az_0/atpg/log/log.atpg_dcsa_edt.int,dcsa_edt.int,23:23.7,99.47,8998,4883.6,630642,304
hfrx,/scratch/carina_pddft/carina_ce/DFT/final/hfrx/Rev2.0/20191210_sajain_20191202az_0/atpg/log/log.atpg_tdf_loc_edt.int,tdf_loc_edt.int,23:23.7,74.53,16962,6923,630642,304
hfrx,/scratch/carina_pddft/carina_ce/DFT/final/hfrx/Rev2.0/20191210_sajain_20191202az_0/atpg/log/log.atpg_tdf_los_edt.int,tdf_los_edt.int,23:23.7,80.96,6061,5784.9,630642,304
hftx,/scratch/carina_pddft/carina_ce/DFT/final/hftx/Rev2.0/20191205_sajain_hftx_Rev2.0_20191204az_0/atpg/log/log.atpg_dcsa_edt.ext,dcsa_edt.ext,23:23.7,12.05,37,335.1,7073,265
hftx,/scratch/carina_pddft/carina_ce/DFT/final/hftx/Rev2.0/20191205_sajain_hftx_Rev2.0_20191204az_0/atpg/log/log.atpg_dcsa_edt.int,dcsa_edt.int,23:23.7,98.71,11681,12235.8,459621,304
hftx,/scratch/carina_pddft/carina_ce/DFT/final/hftx/Rev2.0/20191205_sajain_hftx_Rev2.0_20191204az_0/atpg/log/log.atpg_tdf_loc_edt.int,tdf_loc_edt.int,23:23.7,43.82,18684,8548.9,459621,304
hftx,/scratch/carina_pddft/carina_ce/DFT/final/hftx/Rev2.0/20191205_sajain_hftx_Rev2.0_20191204az_0/atpg/log/log.atpg_tdf_los_edt.int,tdf_los_edt.int,23:23.7,80.26,10707,19220,459621,304
hm11a_lm,/scratch/carina_pddft/carina_ce/DFT/final/hm11a_lm/Rev2.3/20191215_sajain_20191211az_0/atpg/log/log.atpg_dcsa_edt.ext,dcsa_edt.ext,23:23.9,11.41,72,244,4450,273
hm11a_lm,/scratch/carina_pddft/carina_ce/DFT/final/hm11a_lm/Rev2.3/20191215_sajain_20191211az_0/atpg/log/log.atpg_dcsa_edt.int,dcsa_edt.int,23:23.9,97.41,4085,1246.6,240485,299
hm11a_lm,/scratch/carina_pddft/carina_ce/DFT/final/hm11a_lm/Rev2.3/20191215_sajain_20191211az_0/atpg/log/log.atpg_tdf_loc_edt.int,tdf_loc_edt.int,23:23.9,33.82,16278,6696,240485,299
hm11a_lm,/scratch/carina_pddft/carina_ce/DFT/final/hm11a_lm/Rev2.3/20191215_sajain_20191211az_0/atpg/log/log.atpg_tdf_los_edt.int,tdf_los_edt.int,23:23.9,79.72,31902,12758.8,240485,299
hm11b_lm,/scratch/carina_pddft/carina_ce/DFT/final/hm11b_lm/Rev2.1/20191218_sajain_20191211az_1/atpg/log/log.atpg_dcsa_edt.ext,dcsa_edt.ext,23:23.9,9.91,45,174.4,2680,273
hm11b_lm,/scratch/carina_pddft/carina_ce/DFT/final/hm11b_lm/Rev2.1/20191218_sajain_20191211az_1/atpg/log/log.atpg_dcsa_edt.int,dcsa_edt.int,23:23.9,97.23,12154,765,119266,298
hm11b_lm,/scratch/carina_pddft/carina_ce/DFT/final/hm11b_lm/Rev2.1/20191218_sajain_20191211az_1/atpg/log/log.atpg_tdf_loc_edt.int,tdf_loc_edt.int,23:23.9,33.65,17371,9326.9,119266,298
hm11b_lm,/scratch/carina_pddft/carina_ce/DFT/final/hm11b_lm/Rev2.1/20191218_sajain_20191211az_1/atpg/log/log.atpg_tdf_los_edt.int,tdf_los_edt.int,23:23.9,79.76,28196,13200.5,119266,298
hm7_top,/scratch/carina_pddft/carina_ce/DFT/final/hm7_top/Rev2.1/20191118_sajain_20191111az_0/atpg/log/log.atpg_dcsa_edt.ext,dcsa_edt.ext,23:23.8,27.05,37,218.3,10508,293
hm7_top,/scratch/carina_pddft/carina_ce/DFT/final/hm7_top/Rev2.1/20191118_sajain_20191111az_0/atpg/log/log.atpg_dcsa_edt.int,dcsa_edt.int,23:23.8,97.74,2004,882.2,275461,300
hm7_top,/scratch/carina_pddft/carina_ce/DFT/final/hm7_top/Rev2.1/20191118_sajain_20191111az_0/atpg/log/log.atpg_tdf_loc_edt.int,tdf_loc_edt.int,23:23.8,9.37,5303,3093,275461,300
hm7_top,/scratch/carina_pddft/carina_ce/DFT/final/hm7_top/Rev2.1/20191118_sajain_20191111az_0/atpg/log/log.atpg_tdf_los_edt.int,tdf_los_edt.int,23:23.8,78.92,35277,21227.3,275461,300
hm8_top,/scratch/carina_pddft/carina_ce/DFT/final/hm8_top/Rev2.1/20191117_sajain_20191111az_0/atpg/log/log.atpg_dcsa_edt.ext,dcsa_edt.ext,23:23.8,11.2,44,349.2,6316,283
hm8_top,/scratch/carina_pddft/carina_ce/DFT/final/hm8_top/Rev2.1/20191117_sajain_20191111az_0/atpg/log/log.atpg_dcsa_edt.int,dcsa_edt.int,23:23.8,97.47,11200,2725.6,447055,300
hm8_top,/scratch/carina_pddft/carina_ce/DFT/final/hm8_top/Rev2.1/20191117_sajain_20191111az_0/atpg/log/log.atpg_tdf_loc_edt.int,tdf_loc_edt.int,23:23.8,31.96,38412,22526,447055,300
hm8_top,/scratch/carina_pddft/carina_ce/DFT/final/hm8_top/Rev2.1/20191117_sajain_20191111az_0/atpg/log/log.atpg_tdf_los_edt.int,tdf_los_edt.int,23:23.8,80.35,23054,14372.7,447055,300
hm8e_top,/scratch/carina_pddft/carina_ce/DFT/final/hm8e_top/Rev2.1/20191118_sajain_20191112az_0/atpg/log/log.atpg_dcsa_edt.ext,dcsa_edt.ext,23:23.9,30.84,28,78.5,3365,278
hm8e_top,/scratch/carina_pddft/carina_ce/DFT/final/hm8e_top/Rev2.1/20191118_sajain_20191112az_0/atpg/log/log.atpg_dcsa_edt.int,dcsa_edt.int,23:23.9,97.34,2376,194.4,78733,300
hm8e_top,/scratch/carina_pddft/carina_ce/DFT/final/hm8e_top/Rev2.1/20191118_sajain_20191112az_0/atpg/log/log.atpg_tdf_loc_edt.int,tdf_loc_edt.int,23:23.9,24.87,9706,1382.8,78733,300
hm8e_top,/scratch/carina_pddft/carina_ce/DFT/final/hm8e_top/Rev2.1/20191118_sajain_20191112az_0/atpg/log/log.atpg_tdf_los_edt.int,tdf_los_edt.int,23:23.9,77.28,18691,3703.3,78733,300
hprx,/scratch/carina_pddft/carina_ce/DFT/final/hprx/Rev2.1/20190901_sajain_finalDB_newrpt_20190529_kkchan/atpg/log/log.atpg_dcsa_edt.ext,dcsa_edt.ext,23:23.7,0,0,0,2198,256
hprx,/scratch/carina_pddft/carina_ce/DFT/final/hprx/Rev2.1/20190901_sajain_finalDB_newrpt_20190529_kkchan/atpg/log/log.atpg_dcsa_edt.int,dcsa_edt.int,23:23.7,61.44,7286,2860.4,103521,298
hprx,/scratch/carina_pddft/carina_ce/DFT/final/hprx/Rev2.1/20190901_sajain_finalDB_newrpt_20190529_kkchan/atpg/log/log.atpg_tdf_loc_edt.int,tdf_loc_edt.int,23:23.7,21.76,7943,1413.2,103521,298
hprx,/scratch/carina_pddft/carina_ce/DFT/final/hprx/Rev2.1/20190901_sajain_finalDB_newrpt_20190529_kkchan/atpg/log/log.atpg_tdf_los_edt.int,tdf_los_edt.int,23:23.7,64.1,32090,10067.3,103521,298
hptx,/scratch/carina_pddft/carina_ce/DFT/final/hptx/Rev2.2_eco3/20200106_sajain_20200106az_Rev2.2_eco3_0/atpg/log/log.atpg_dcsa_edt.ext,dcsa_edt.ext,23:23.7,6.03,73,145.1,4217,266
hptx,/scratch/carina_pddft/carina_ce/DFT/final/hptx/Rev2.2_eco3/20200106_sajain_20200106az_Rev2.2_eco3_0/atpg/log/log.atpg_dcsa_edt.int,dcsa_edt.int,23:23.7,96.26,3235,969.1,83942,300
hptx,/scratch/carina_pddft/carina_ce/DFT/final/hptx/Rev2.2_eco3/20200106_sajain_20200106az_Rev2.2_eco3_0/atpg/log/log.atpg_tdf_loc_edt.int,tdf_loc_edt.int,23:23.7,60.4,75731,7264.4,83942,300
hptx,/scratch/carina_pddft/carina_ce/DFT/final/hptx/Rev2.2_eco3/20200106_sajain_20200106az_Rev2.2_eco3_0/atpg/log/log.atpg_tdf_los_edt.int,tdf_los_edt.int,23:23.8,80.18,6336,1036.5,83942,300
itr_top,/scratch/carina_pddft/carina_ce/DFT/final/itr_top/Rev2.1/20190901_sajain_finalDB_newrpt_20190429_lr/atpg/log/log.atpg_dcsa_edt.ext,dcsa_edt.ext,23:23.8,23.51,111,797.2,16127,293
itr_top,/scratch/carina_pddft/carina_ce/DFT/final/itr_top/Rev2.1/20190901_sajain_finalDB_newrpt_20190429_lr/atpg/log/log.atpg_dcsa_edt.int,dcsa_edt.int,23:23.8,97.68,7398,7579.5,199161,304
itr_top,/scratch/carina_pddft/carina_ce/DFT/final/itr_top/Rev2.1/20190901_sajain_finalDB_newrpt_20190429_lr/atpg/log/log.atpg_tdf_loc_edt.int,tdf_loc_edt.int,23:23.8,55.51,14645,29925.7,199161,304
itr_top,/scratch/carina_pddft/carina_ce/DFT/final/itr_top/Rev2.1/20190901_sajain_finalDB_newrpt_20190429_lr/atpg/log/log.atpg_tdf_los_edt.int,tdf_los_edt.int,23:23.8,65.52,19051,44684.8,199161,304
lrx_digif,/scratch/carina_pddft/carina_ce/DFT/final/lrx_digif/Rev2.0/20191230_sajain_20191230az_0/atpg/log/log.atpg_dcsa_edt.ext,dcsa_edt.ext,23:23.8,5.35,93,436.1,20007,296
lrx_digif,/scratch/carina_pddft/carina_ce/DFT/final/lrx_digif/Rev2.0/20191230_sajain_20191230az_0/atpg/log/log.atpg_dcsa_edt.int,dcsa_edt.int,23:23.8,97.76,22270,4202.1,425294,300
lrx_digif,/scratch/carina_pddft/carina_ce/DFT/final/lrx_digif/Rev2.0/20191230_sajain_20191230az_0/atpg/log/log.atpg_tdf_loc_edt.int,tdf_loc_edt.int,23:23.8,22.82,4700,25115.8,425294,300
lrx_digif,/scratch/carina_pddft/carina_ce/DFT/final/lrx_digif/Rev2.0/20191230_sajain_20191230az_0/atpg/log/log.atpg_tdf_los_edt.int,tdf_los_edt.int,23:23.8,86.68,16732,31023.7,425294,300
ltx_digif,/scratch/carina_pddft/carina_ce/DFT/final/ltx_digif/Rev2.0/20191205_sajain_20191204az_unusedOCCs_1/atpg/log/log.atpg_dcsa_edt.ext,dcsa_edt.ext,23:23.8,16.39,97,169.3,10756,293
ltx_digif,/scratch/carina_pddft/carina_ce/DFT/final/ltx_digif/Rev2.0/20191205_sajain_20191204az_unusedOCCs_1/atpg/log/log.atpg_dcsa_edt.int,dcsa_edt.int,23:23.8,97.33,8217,1167.6,152306,300
ltx_digif,/scratch/carina_pddft/carina_ce/DFT/final/ltx_digif/Rev2.0/20191205_sajain_20191204az_unusedOCCs_1/atpg/log/log.atpg_tdf_loc_edt.int,tdf_loc_edt.int,23:23.8,7.87,3455,5743.3,152306,300
ltx_digif,/scratch/carina_pddft/carina_ce/DFT/final/ltx_digif/Rev2.0/20191205_sajain_20191204az_unusedOCCs_1/atpg/log/log.atpg_tdf_los_edt.int,tdf_los_edt.int,23:23.8,78.34,15115,14386.8,152306,300
master_controller_aux,/scratch/carina_pddft/carina_ce/DFT/final/master_controller_aux/Rev2.1/20191224_sajain_20191223az_1_modmemlib/atpg/log/log.atpg_dcsa_edt.ext,dcsa_edt.ext,23:23.8,4.5,44,136.2,1651,274
master_controller_aux,/scratch/carina_pddft/carina_ce/DFT/final/master_controller_aux/Rev2.1/20191224_sajain_20191223az_1_modmemlib/atpg/log/log.atpg_dcsa_edt.int,dcsa_edt.int,23:23.8,97.13,9593,726,95542,300
master_controller_aux,/scratch/carina_pddft/carina_ce/DFT/final/master_controller_aux/Rev2.1/20191224_sajain_20191223az_1_modmemlib/atpg/log/log.atpg_tdf_loc_edt.int,tdf_loc_edt.int,23:23.8,52.51,23869,4210.2,95542,300
master_controller_aux,/scratch/carina_pddft/carina_ce/DFT/final/master_controller_aux/Rev2.1/20191224_sajain_20191223az_1_modmemlib/atpg/log/log.atpg_tdf_los_edt.int,tdf_los_edt.int,23:23.8,80.24,6437,2290.3,95542,300
master_controller,/scratch/carina_pddft/carina_ce/DFT/final/master_controller/Rev2.1/20191230_sajain_20191223az_eco_POSTLAYOUT_0/atpg/log/log.atpg_dcsa_edt.ext,dcsa_edt.ext,23:23.8,30.09,623,369.6,9704,288
master_controller,/scratch/carina_pddft/carina_ce/DFT/final/master_controller/Rev2.1/20191230_sajain_20191223az_eco_POSTLAYOUT_0/atpg/log/log.atpg_dcsa_edt.int,dcsa_edt.int,23:23.8,95.83,23480,3993.9,263922,300
master_controller,/scratch/carina_pddft/carina_ce/DFT/final/master_controller/Rev2.1/20191230_sajain_20191223az_eco_POSTLAYOUT_0/atpg/log/log.atpg_tdf_loc_edt.int,tdf_loc_edt.int,23:23.8,37.31,30618,13493.3,263922,300
master_controller,/scratch/carina_pddft/carina_ce/DFT/final/master_controller/Rev2.1/20191230_sajain_20191223az_eco_POSTLAYOUT_0/atpg/log/log.atpg_tdf_los_edt.int,tdf_los_edt.int,23:23.8,80.35,19250,12810.4,263922,300
phase_recovery,/scratch/carina_pddft/carina_ce/DFT/final/phase_recovery/Rev2.1/20190904_sajain_finalDB_newrpt_20190904_ls/atpg/log/log.atpg_dcsa_edt.ext,dcsa_edt.ext,23:23.8,51.98,59,422.9,10649,285
phase_recovery,/scratch/carina_pddft/carina_ce/DFT/final/phase_recovery/Rev2.1/20190904_sajain_finalDB_newrpt_20190904_ls/atpg/log/log.atpg_dcsa_edt.int,dcsa_edt.int,23:23.8,99.19,3384,3044.9,402207,300
phase_recovery,/scratch/carina_pddft/carina_ce/DFT/final/phase_recovery/Rev2.1/20190904_sajain_finalDB_newrpt_20190904_ls/atpg/log/log.atpg_tdf_loc_edt.int,tdf_loc_edt.int,23:23.8,12.9,12379,16675.8,402207,300
phase_recovery,/scratch/carina_pddft/carina_ce/DFT/final/phase_recovery/Rev2.1/20190904_sajain_finalDB_newrpt_20190904_ls/atpg/log/log.atpg_tdf_los_edt.int,tdf_los_edt.int,23:23.8,74.16,44920,28664.4,402207,300
sc_lfec_dec_top,/scratch/carina_pddft/carina_ce/DFT/final/sc_lfec_dec_top/Rev2.0/20191025_sajain_0/atpg/log/log.atpg_dcsa_edt.ext,dcsa_edt.ext,23:23.8,11.38,39,627.6,9861,295
sc_lfec_dec_top,/scratch/carina_pddft/carina_ce/DFT/final/sc_lfec_dec_top/Rev2.0/20191025_sajain_0/atpg/log/log.atpg_dcsa_edt.int,dcsa_edt.int,23:23.8,99.09,15936,9122.5,634646,304
sc_lfec_dec_top,/scratch/carina_pddft/carina_ce/DFT/final/sc_lfec_dec_top/Rev2.0/20191025_sajain_0/atpg/log/log.atpg_tdf_loc_edt.int,tdf_loc_edt.int,23:23.8,72.23,21121,22693.1,634646,304
sc_lfec_dec_top,/scratch/carina_pddft/carina_ce/DFT/final/sc_lfec_dec_top/Rev2.0/20191025_sajain_0/atpg/log/log.atpg_tdf_los_edt.int,tdf_los_edt.int,23:23.8,80.54,7292,29675.2,634646,304
staircase,/scratch/carina_pddft/carina_ce/DFT/final/staircase/Rev2.1/20190901_sajain_finalDB_newrpt_20190313_aa/atpg/log/log.atpg_dcsa_edt.ext,dcsa_edt.ext,23:23.8,8.33,25,394.5,1414,173
staircase,/scratch/carina_pddft/carina_ce/DFT/final/staircase/Rev2.1/20190901_sajain_finalDB_newrpt_20190313_aa/atpg/log/log.atpg_dcsa_edt.int,dcsa_edt.int,23:23.8,98.76,6976,4343.6,399498,300
staircase,/scratch/carina_pddft/carina_ce/DFT/final/staircase/Rev2.1/20190901_sajain_finalDB_newrpt_20190313_aa/atpg/log/log.atpg_tdf_loc_edt.int,tdf_loc_edt.int,23:23.8,70.01,37690,37653.9,399498,300
staircase,/scratch/carina_pddft/carina_ce/DFT/final/staircase/Rev2.1/20190901_sajain_finalDB_newrpt_20190313_aa/atpg/log/log.atpg_tdf_los_edt.int,tdf_los_edt.int,23:23.8,80.01,13440,13808.1,399498,300
w_cfe,/scratch/carina_pddft/carina_ce/DFT/final/w_cfe/Rev2.1_eco1/20191206_sajain_Rev2.1eco1_20191202ng_0/atpg/log/log.atpg_dcsa_edt.ext,dcsa_edt.ext,23:23.8,64.71,30,235.9,6328,294
w_cfe,/scratch/carina_pddft/carina_ce/DFT/final/w_cfe/Rev2.1_eco1/20191206_sajain_Rev2.1eco1_20191202ng_0/atpg/log/log.atpg_dcsa_edt.int,dcsa_edt.int,23:23.8,99.1,2659,647.6,331440,304
w_cfe,/scratch/carina_pddft/carina_ce/DFT/final/w_cfe/Rev2.1_eco1/20191206_sajain_Rev2.1eco1_20191202ng_0/atpg/log/log.atpg_tdf_loc_edt.int,tdf_loc_edt.int,23:23.8,67.34,12568,9300.6,331440,304
w_cfe,/scratch/carina_pddft/carina_ce/DFT/final/w_cfe/Rev2.1_eco1/20191206_sajain_Rev2.1eco1_20191202ng_0/atpg/log/log.atpg_tdf_los_edt.int,tdf_los_edt.int,23:23.8,68.45,60139,115706,331440,304
w_dsp_tail,/scratch/carina_pddft/carina_ce/DFT/final/w_dsp_tail/Rev2.1/20191210_sajain_20191209az_eco1_20191209vt_0/atpg/log/log.atpg_dcsa_edt.ext,dcsa_edt.ext,23:23.8,5.22,91,13908.2,10400,286
w_dsp_tail,/scratch/carina_pddft/carina_ce/DFT/final/w_dsp_tail/Rev2.1/20191210_sajain_20191209az_eco1_20191209vt_0/atpg/log/log.atpg_dcsa_edt.int,dcsa_edt.int,23:23.8,98.86,4671,61694.6,465786,300
w_dsp_tail,/scratch/carina_pddft/carina_ce/DFT/final/w_dsp_tail/Rev2.1/20191210_sajain_20191209az_eco1_20191209vt_0/atpg/log/log.atpg_tdf_loc_edt.int,tdf_loc_edt.int,23:23.8,75.91,1017,10351.6,465786,300
w_dsp_tail,/scratch/carina_pddft/carina_ce/DFT/final/w_dsp_tail/Rev2.1/20191210_sajain_20191209az_eco1_20191209vt_0/atpg/log/log.atpg_tdf_los_edt.int,tdf_los_edt.int,23:23.8,33.42,23684,85711.3,465786,300
w_ltx_x4,/scratch/carina_pddft/carina_ce/DFT/final/w_ltx_x4/Rev2.1/20191015_sajain_0/atpg/log/log.atpg_dcsa_edt.ext,dcsa_edt.ext,23:23.8,47.15,23,202.3,8559,293
w_ltx_x4,/scratch/carina_pddft/carina_ce/DFT/final/w_ltx_x4/Rev2.1/20191015_sajain_0/atpg/log/log.atpg_dcsa_edt.int,dcsa_edt.int,23:23.8,99.83,1585,380.5,187144,300
w_ltx_x4,/scratch/carina_pddft/carina_ce/DFT/final/w_ltx_x4/Rev2.1/20191015_sajain_0/atpg/log/log.atpg_tdf_loc_edt.int,tdf_loc_edt.int,23:23.8,52.73,2659,825.7,187144,300
w_ltx_x4,/scratch/carina_pddft/carina_ce/DFT/final/w_ltx_x4/Rev2.1/20191015_sajain_0/atpg/log/log.atpg_tdf_los_edt.int,tdf_los_edt.int,23:23.8,83.36,831,524.2,187144,300
,,,,,,,,
,,,,,,,,
,,,,,,,,
,,,,,,,,
,,,,,,,,
,,,,,,,,
,,,,,,,,
,,,,,,,,
,,,,,,,,
,,,,,,,,
,,,,, ,,,
